SNPID	CHR	POS	Non_Effect_Allele	Effect_Allele	N_Samples	AF	Beta_Marginal	SE_Beta_Marginal	P_Value_Marginal	Beta_G	Beta_G-sex	SE_Beta_G	SE_Beta_G-sex	Cov_Beta_G_G-sex	P_Value_Interaction	P_Value_Joint
1:6:T:G	1	6	T	G	10000	0.668161811772734	0.328668738668784	0.989952999539673	0.739885946457652	0.303156982827932	0.506471491558477	0.145986530594528	0.912864566175267	0.289544285198208	0.579020803505116	0.949407884532105
1:9:A:A	1	9	A	A	10000	0.882091622799635	0.432396007189527	0.132037192722782	0.00105735078334283	1.04968727082014	1.15349656196777	0.149580551439431	0.720461380248889	0.21545266532572	0.109365270679198	1
1:4:A:A	1	4	A	A	10000	0.895900933630765	0.565279355226085	0.784187820646912	0.471003719479753	0.291842872556299	1.08337147526909	1.12202224020381	1.22567220802885	0.12882263086969	0.376750280659285	0.665978824731435
1:3:A:G	1	3	A	G	20000	0.485836693737656	0.0564983124346212	0.563491875783225	0.920134225850286	0.482711477368528	-0.0732516960250504	0.487523194361535	0.93676399210619	0.125029566860869	0.882353344600659	0.573433101438727
1:7:T:G	1	7	T	G	20000	0.375425769295543	0.14983612829782	0.34144055915954	0.660780969262779	-0.179894666241121	-0.230739883713447	0.530199080235923	0.826234676089839	0.0973737559646651	0.787471804692893	0.923653778687389
1:2:A:A	1	2	A	A	10000	0.761006539594382	0.691113085672259	0.393897033203393	0.0793358557025399	0.0838727372698486	0.381752149178646	0.359532801001333	1.18783107497729	0.199073884952813	0.747917973322119	0.945449141102672
1:8:T:A	1	8	T	A	10000	0.789787907432765	0.508644042722881	0.61375154661946	0.407248239346541	0.657121968455613	1.05489456199575	1.0588217949192	0.730555199761875	0.0354447980620898	0.148749428085565	0.30223649614898
1:1:T:G	1	1	T	G	10000	0.805545581784099	0.405414355406538	0.316148105449975	0.199717863255431	0.592501064296812	0.39821323400829	1.1122627626569	0.927436131425202	-0.000983758808579295	0.667653996295948	0.791138961158865
1:5:A:C	1	5	A	C	20000	0.366107652243227	0.132633098017968	0.756173778448293	0.860765114822272	-0.173618448142461	0.0152594918978943	0.334257757325908	0.939538912299286	0.0667972561419974	0.941878800786477	0.866489501777412
1:9:C:A	1	9	C	A	10000	0.806501096859574	0.704820178169757	0.233208016864955	0.00250877471372733	0.954931221716106	-0.0689999821595848	0.573499980475753	1.18451352482662	0.0621287050587125	0.953548102525419	0.244480824186942
1:6:C:G	1	6	C	G	10000	0.776959282532334	0.040837064338848	0.899201108515263	0.963776661563878	0.255836372356862	-0.179779197019526	0.253429452034179	1.50911717512645	0.317511049483437	0.905173377688955	0.137567193598636
1:5:G:G	1	5	G	G	10000	0.670357642881572	0.508967224694789	0.446258292440325	0.254069056256571	0.663049731124193	0.145451181475074	0.134186580146197	1.27103738517035	0.278634574557655	0.90889295881954	1
1:7:G:G	1	7	G	G	20000	0.512925262236968	-0.0232984795433895	0.418494606811742	0.955603014681147	0.0428990651811769	0.402917099053212	0.673017085689012	0.871183431985866	0.145602857738467	0.637135404817289	0.897320339467186
1:4:A:C	1	4	A	C	10000	0.546169178187847	0.548143055709079	1.06322609530762	0.606170814290963	0.9224883957766	0.941172835300677	0.8715787976305	1.54249429220799	0.260525720859878	0.54175388397586	0.52447692650196
1:8:C:A	1	8	C	A	10000	0.668618877511472	0.370326777873561	0.874319166550413	0.6718866056951	0.285619133152068	-0.0834357060026382	0.256406831543427	0.868454411136918	0.252403803870548	0.923461968201774	1
1:2:C:T	1	2	C	T	10000	0.616793837491423	-0.136355251586065	1.00154590690508	0.891706824251372	0.0990041512064636	0.292869976582006	0.673269526204094	1.52884727350902	0.140129533442669	0.848084831604319	0.974526780116547
1:3:T:T	1	3	T	T	10000	0.606898838188499	0.388053566403687	0.645434904750437	0.547688107077309	0.853390122018754	0.317012689635153	0.177550307314377	1.43551173487213	0.306785687415395	0.825220120633011	1
1:1:C:C	1	1	C	C	10000	0.706182288844138	0.401076252060011	0.924324784101918	0.664351845403253	0.929704515356571	0.997921566665173	0.688216926171444	0.891554493713193	0.379829852217808	0.263009964986887	0.376288279806144
1:2:G:G	1	2	G	G	20000	0.479792565130629	0.431597383905547	0.626002314654766	0.490540039289087	0.224637591737725	0.463301305434168	0.3597635977897	0.896293603122857	0.0506060329358539	0.538199678623592	0.752089521236474
1:5:T:C	1	5	T	C	10000	0.713545893505216	0.0295332867652178	1.02068518605083	0.976916618161463	0.756907665170729	1.08597901845351	0.719803859910462	1.3011955589056	0.217108720152173	0.403942440575468	0.478385561459158
1:1:C:G	1	1	C	G	10000	0.866457343567163	0.442396291485056	0.364162644045427	0.224430321740888	0.649356408137828	1.05609268876724	0.499662454898935	1.00501121168491	0.177741651528049	0.29333815688056	0.352040017147206
1:6:A:G	1	6	A	G	20000	0.504567680787296	0.50961746533263	0.301637117749487	0.0911226648390292	0.742943611428444	0.210082055806988	0.216794527457822	0.742321691293644	0.0653631124752203	0.828254140748798	0.00134921484954094
1:3:C:C	1	3	C	C	10000	0.616446535848081	0.754051020555198	0.182829796010628	3.71810120301786e-05	0.275512772705406	1.23531284825876	1.14434618017636	1.43671280480921	0.114789796241093	0.389888869685327	0.679732740372444
1:4:A:G	1	4	A	G	10000	0.609968830551952	0.0911680268589407	0.388108783774078	0.814283802616957	0.757025455497205	1.02197626258712	1.07016654696083	1.5334234487731	0.222855525522027	0.505112592751588	0.659722562901653
1:8:G:G	1	8	G	G	10000	0.817949810624123	0.236393601121381	0.240664018457755	0.325973898768778	-0.0451825781725347	0.546845222869888	0.1683009386505	0.803945527272299	0.190835214538965	0.49637667063498	1
1:9:G:G	1	9	G	G	20000	0.488164602266624	0.208535431609754	0.257245372563344	0.417567877272722	0.182043800178124	0.587726925933916	0.174902638580525	0.672371956599374	0.144118281945692	0.396617435469919	0.683100197595395
1:3:T:C	1	3	T	C	10000	0.534260433353484	0.63045983617194	0.934729120368138	0.500003654460604	0.158174081612378	1.31304467711598	0.241770523926243	0.982526469766162	0.35252244703006	0.181419795574919	0.853462983405953
1:8:T:G	1	8	T	G	10000	0.6512072538957	0.726875935634598	0.746366404602304	0.330113050413087	0.292032190132886	0.213931613508612	1.068309357611	1.18888013784308	0.112393821238074	0.857196686476745	0.951621468357357
1:4:T:A	1	4	T	A	10000	0.632456377334893	0.369314541760832	0.752374183991924	0.623521568502777	0.959716389607638	1.37698640271556	1.16004045031499	1.12018773462623	0.0764164889836684	0.218979549771762	0.352909403918803
1:9:A:T	1	9	A	T	10000	0.59463275782764	-0.122325738705695	0.737449823087081	0.868253988814957	0.408723709173501	-0.0838679209351555	0.329565886005294	1.3531558100367	0.376997425693553	0.950579157000073	0.0534204527097886
1:2:A:C	1	2	A	C	10000	0.769732072204351	0.198379290709272	0.174536126572639	0.255701875644608	0.312032521981746	0.160800193436444	0.35982665363932	1.18678205946926	0.272283998304047	0.892222410277588	0.592855003883115
1:5:T:G	1	5	T	G	10000	0.863238668441773	0.779556886246428	0.5117935388349	0.127712112665373	0.523019939567894	0.95217109892983	0.511739528488833	0.789243986154906	0.274140704076272	0.227650036841322	0.464863052289021
1:1:T:A	1	1	T	A	10000	0.59336638553068	0.728312631323934	0.162327384483069	7.23382529581725e-06	0.885850145667792	0.190344204637222	0.799745729900896	1.30249861187767	0.388557369019836	0.883812653308924	0.519505488763558
1:4:C:T	1	4	C	T	10000	0.585279281809926	0.545305138640106	0.528937298478559	0.302566722872839	0.047132330480963	-0.00148537913337352	0.809637460703961	0.902567165531218	0.275646726493724	0.998686900446046	0.997982790204467
1:8:T:C	1	8	T	C	10000	0.869394721928984	0.497649791371077	1.00423032059334	0.620209508378273	0.271137388236821	0.203350065206177	0.424105657918844	0.759700939967297	0.352103970637545	0.788952417168713	1
1:6:T:T	1	6	T	T	10000	0.716060711629689	0.726145187346265	1.01763348458335	0.475497695744024	0.405716988630593	0.016899876925163	1.09345790010877	1.46025247608777	0.152794393943623	0.990766083199243	0.933210493197644
1:1:T:C	1	1	T	C	10000	0.556160444021225	0.608712806319818	0.362154483934864	0.0927998641826058	0.540376374684274	1.1542208498111	0.695276994886808	0.949272921215743	0.229334537663963	0.224023056265274	0.444521097160229
1:7:C:T	1	7	C	T	10000	0.620201518386602	-0.0177243547979742	0.681015360774472	0.979236308817264	0.0317969381809228	0.314540621056219	0.362493172986431	0.753469876945015	0.2755595300463	0.676344804222776	1
