SNPID	CHR	POS	Non_Effect_Allele	Effect_Allele	N_Samples	AF	MAC	RSQ	N_sex_0	AF_sex_0	N_sex_1	AF_sex_1	Beta_Marginal	SE_Beta_Marginal	Beta_G-sex	SE_Beta_G-sex	P_Value_Marginal	P_Value_Interaction	P_Value_Joint
SNP1	1	1	T	A	393	0.974554707379135	20	1.07924748228273	197	0.972081218274112	196	0.977040816326531	-0.435654835694768	0.468480222403181	0.501766032977587	0.928781873891279	0.352406198841657	0.589030852370714	0.560841417222844
SNP2	1	2	A	C	400	0.5	400	1.04260651629073	200	0.47	200	0.53	0.0757631453462755	0.146911524481796	0.116228693346012	0.291386481833203	0.606059807621645	0.689980479773072	0.808536420046534
SNP3	1	3	C	A	400	0.7925	166	1.04483777952349	200	0.7825	200	0.8025	0.0174300834648644	0.180768633308695	0.4599818802085	0.356333716046206	0.923185374786552	0.1967474202592	0.432649966053878
SNP4	1	4	G	A	400	0.70125	239	1.10179310925454	200	0.685	200	0.7175	0.0768878973930645	0.157110090571952	0.347976615759145	0.308173322219671	0.624566559783623	0.258830854367641	0.468954082975022
SNP5	1	5	A	G	400	0.59375	325	1.00234391647134	200	0.615	200	0.5725	-0.0946489001249087	0.153799345785877	-0.289945860013067	0.303255916863316	0.538287231263491	0.339016920735102	0.523910510677487
SNP6	1	6	C	A	400	0.88875	89	0.978409613851155	200	0.885	200	0.8925	-0.0956025936354759	0.237700105856643	-0.277217327278523	0.47573571840437	0.687538046341722	0.560086605817556	0.778287793953187
SNP7	1	7	C	A	400	0.96875	25	0.970167353868542	200	0.9675	200	0.97	0.804110911322567	0.431913022584877	1.19447540249762	0.863426933996927	0.0626393684863995	0.166538494751629	0.0678838140865267
SNP8	1	8	C	A	400	0.88375	93	0.968215736372155	200	0.8775	200	0.89	-0.102164875606707	0.237821761351715	-0.266212203998742	0.4694710857593	0.667496894943089	0.570682201850415	0.776434328751084
SNP9	1	9	C	A	400	0.6475	282	1.2693087081185	200	0.6475	200	0.6475	0.054374002074125	0.148414318506278	0.10647345369206	0.273970322517089	0.714091776345622	0.697548879395956	0.867075446577317
SNP10	1	10	G	A	400	0.7675	186	1.0639888221833	200	0.755	200	0.78	0.138901124318663	0.173910843058718	0.22229494653609	0.340368157252388	0.424469275964267	0.513690859553204	0.587296848596202
SNP11	1	11	T	A	400	0.8875	90	1.00093739826875	200	0.8925	200	0.8825	0.300999545619988	0.235433937866696	-0.610877801124177	0.466885700353489	0.201077291613954	0.190734368367073	0.187639209662198
SNP12	1	12	T	A	400	0.82	144	1.08808606883061	200	0.8275	200	0.8125	-0.224615274413546	0.18523123611394	0.340584735830709	0.369968855553661	0.225274781725174	0.357271432478915	0.313813768455119
SNP13	1	13	G	A	400	0.99125	7	0.993656903924372	200	0.9875	200	0.995	0.357811519207876	0.80129430567476	-0.617740252830282	1.75252767213361	0.655205819499875	0.724474336359524	0.850591915560959
SNP14	1	14	C	A	400	0.74125	207	1.01844006436487	200	0.745	200	0.7375	0.0947839111427732	0.17091026549503	-0.0659543105379467	0.334741319214328	0.579179986148144	0.84380352733766	0.840976432246976
SNP15	1	15	C	A	400	0.95	40	1.05526975333069	200	0.95	200	0.95	-0.317384746199285	0.334456840409266	-0.484308767100975	0.658513191763938	0.342643111495981	0.462060635607988	0.486407891649696
SNP16	1	16	G	A	400	0.91375	69	1.06688339039871	200	0.925	200	0.9025	0.122440019892046	0.255804061356752	0.686020026605272	0.513818001745553	0.632189294093762	0.181829854997471	0.365732179594125
SNP17	1	17	C	A	400	0.64	288	0.982490949596213	200	0.65	200	0.63	-0.0350446855791186	0.156485697650518	-0.0995852316362592	0.312161725148496	0.822797633436243	0.749712808941281	0.926850817839351
SNP18	1	18	G	A	400	0.79	168	0.977730643667638	200	0.795	200	0.785	0.179848232725558	0.185600209036602	0.50024418362361	0.367253774620045	0.332540806903008	0.173159611834108	0.247294286233506
SNP19	1	19	T	A	400	0.91375	69	0.971480426914348	200	0.91	200	0.9175	0.247520494370543	0.270868311998015	-0.44527824187176	0.539857482548043	0.360819946315947	0.40948116006004	0.468756418698513
SNP20	1	20	T	A	400	0.935	52	0.974051748045557	200	0.9575	200	0.9125	-0.198240798040041	0.310729449474903	-1.07759377896184	0.65086009555678	0.52348329737391	0.0977935708228367	0.207195172001228
SNP21	1	21	T	A	400	0.95375	37	1.12434392630295	200	0.9625	200	0.945	-0.263779139833417	0.33654009373142	-0.0908481208498007	0.694766293648292	0.433159192624296	0.895964619729171	0.729264998325185
SNP22	1	22	C	A	400	0.98375	13	0.985946441707828	200	0.9775	200	0.99	-0.533966103087868	0.592872790131364	0.625176990159624	1.27194014797956	0.367778724972225	0.623062618980648	0.59074478248139
SNP23	1	23	T	A	400	0.9625	30	1.03288524341156	200	0.9625	200	0.9625	-0.0722030965557887	0.387117908319905	0.471054237323684	0.767408056089117	0.852041322288851	0.539330986059546	0.814008572794361
SNP24	1	24	T	A	400	0.73125	215	1.06766618394525	200	0.76	200	0.7025	0.0317189978751376	0.164061472767781	0.365623609860598	0.323306303500517	0.846695791386538	0.258101725693388	0.517811182020554
SNP25	1	25	C	A	400	0.825	140	1.06760407512287	200	0.8325	200	0.8175	0.0281406485534395	0.193079324981139	-0.380553899771359	0.378431312208371	0.884121459595969	0.314603735659982	0.596756768411305
SNP26	1	26	T	A	400	0.98875	9	0.991099746838653	200	0.9825	200	0.995	0.6540807654238	0.710459879772771	1.70561146643539	1.68398964806887	0.357236219352546	0.311136763897823	0.391913183138782
SNP27	1	27	T	A	400	0.98125	15	0.983350094982677	200	0.9825	200	0.98	-0.192782496440378	0.561362354671895	1.31344387894989	1.09489223413077	0.731283270507671	0.230290767918512	0.459093858421875
SNP28	1	28	T	A	400	0.7875	170	1.00157021873077	200	0.79	200	0.785	-0.11244080421062	0.18187448237871	-0.67115547882504	0.362115731199162	0.536421769539927	0.0638210199803973	0.148272436571066
SNP29	1	29	G	A	400	0.8575	114	0.979483130618219	200	0.84	200	0.875	-0.139874439331884	0.214232041621792	-0.575333862959756	0.431485536408069	0.513813708760457	0.182407376771622	0.332173966102605
SNP30	1	30	T	A	400	0.9375	50	0.97844611528822	200	0.9375	200	0.9375	0.602348316248693	0.315407173626544	0.799544713876639	0.617738268003299	0.0561656277616482	0.195558421712735	0.0698651536601548
SNP31	1	31	G	A	400	0.91875	65	0.98099775865619	200	0.915	200	0.9225	0.523974102922015	0.279578354482918	0.871505114380759	0.54881326983986	0.0609086051378487	0.112290607014537	0.0489440848333099
SNP32	1	32	C	A	400	0.74	208	1.01501154132733	200	0.7575	200	0.7225	-0.185473175568357	0.172495177499393	-0.0611643377260142	0.335595882079962	0.282268690019595	0.85538188650096	0.551741422787417
SNP33	1	33	G	A	400	0.5675	346	1.01452990782066	200	0.575	200	0.56	-0.160735226490287	0.149594063247176	0.302252520249015	0.296394615516306	0.282609408401331	0.307840462034712	0.333801597287014
SNP34	1	34	T	A	400	0.8925	86	0.986245171263119	200	0.88	200	0.905	0.212332638558413	0.241668605773045	0.939114191555868	0.484796221395227	0.37961235702904	0.0527292306288881	0.104119260468632
SNP35	1	35	C	A	400	0.845	124	1.06737544376306	200	0.84	200	0.85	0.137504940052377	0.198505433785399	-0.539514717385236	0.395789168398866	0.488497124252461	0.172839451023731	0.310681134329478
SNP36	1	36	T	A	400	0.93625	51	0.976235714813881	200	0.935	200	0.9375	0.159076821748754	0.315645124787364	0.365713602215169	0.613382459256317	0.61427990240173	0.551025312714188	0.737317636119518
SNP37	1	37	T	A	400	0.62375	301	1.07057969760118	200	0.625	200	0.6225	-0.000666119100685955	0.151670495741342	0.0830035312754869	0.295586727631207	0.996495795474967	0.778856594382871	0.961330897032159
SNP38	1	38	C	A	400	0.8125	150	0.985026669237196	200	0.8125	200	0.8125	0.126217419198397	0.192640792179198	0.062916469308016	0.382827924385166	0.512341760767748	0.869458295701026	0.796008346577736
SNP39	1	39	G	A	400	0.60875	313	1.06321658927514	200	0.5975	200	0.62	0.0113718110542918	0.153646401206185	-0.072369739950189	0.294094494304814	0.941000144902438	0.805623024327282	0.967523300548875
SNP40	1	40	G	A	400	0.81625	147	1.19457732161555	200	0.815	200	0.8175	0.0875356376023389	0.189092276788945	0.0391665915522465	0.348027255340453	0.643417765571209	0.910396157356649	0.892719810733359
SNP41	1	41	T	A	400	0.59125	327	1.14944925787907	200	0.585	200	0.5975	-0.17266160277136	0.147730469879882	-0.472581448996308	0.280465215882546	0.24249996182317	0.0919902498508575	0.1221385883254
SNP42	1	42	G	A	400	0.83	136	1.09913337560769	200	0.8225	200	0.8375	-0.110993939227623	0.197119577985588	0.37624746322653	0.375563892607625	0.573380937309924	0.316430478904972	0.516670012815003
SNP43	1	43	T	A	400	0.78875	169	1.12508505201807	200	0.7875	200	0.79	0.00173840453505981	0.171653292650931	0.253627509719046	0.342030631306263	0.991919628178424	0.458369427545618	0.759581251700878
SNP44	1	44	G	A	400	0.98375	13	0.985946441707828	200	0.99	200	0.9775	0.0940703238541604	0.590273948773564	0.258194120365306	1.26938736742809	0.87337955598813	0.838821950459792	0.967166270281309
SNP45	1	45	C	A	400	0.54	368	1.10703489803414	200	0.5475	200	0.5325	-0.0102679262366358	0.142712719099888	0.0655182081631339	0.28319049464238	0.942643114740827	0.817037180263682	0.971075178727542
SNP46	1	46	A	G	400	0.53	376	0.948577787302459	200	0.515	200	0.545	0.072304997715147	0.153264707438588	-0.671803477433521	0.304473923052168	0.637094195651743	0.0273531989723665	0.0784361531910122
SNP47	1	47	C	A	400	0.96625	27	1.0443434060692	200	0.96	200	0.9725	0.645188866533787	0.407680757857883	-0.612960006676588	0.827980442479983	0.11351641223804	0.459113522547329	0.217335539773264
SNP48	1	48	G	A	400	0.8225	142	1.26683419452351	200	0.7875	200	0.8575	0.176036755996037	0.180986433972741	0.316038598331895	0.35156269945577	0.330726456520817	0.368677309388044	0.415993963810898
SNP49	1	49	T	A	400	0.5075	394	0.932089419367478	200	0.515	200	0.5	-0.0308283234230844	0.155745978818936	-0.0707488097259905	0.307391061006131	0.84309218677502	0.817968243859632	0.954968759058949
SNP50	1	50	T	A	400	0.58	336	1.09962920437382	200	0.5725	200	0.5875	-0.113951217321899	0.147216467542835	-0.288524801128865	0.28590622684713	0.438908009714584	0.312898454625791	0.445406193768928
SNP51	1	51	G	A	400	0.745	204	0.975989124014141	200	0.7225	200	0.7675	-0.0654522636985194	0.177428087224104	0.0453567783731531	0.343668116906137	0.712206286689964	0.895001353173274	0.926120644861185
SNP52	1	52	G	A	400	0.505	396	0.912171417643017	200	0.52	200	0.49	0.014726389494875	0.156354616246834	-0.286397719538932	0.309635038494946	0.924961539793562	0.354990588078603	0.64907688747918
SNP53	1	53	C	A	400	0.81	152	1.09305101610426	200	0.8125	200	0.8075	0.188272421981565	0.187365932420036	-0.279303087147127	0.360836851879807	0.314974828857473	0.438905612589366	0.447346986091743
SNP54	1	54	G	A	400	0.92	64	1.11964694344557	200	0.925	200	0.915	-0.129294879126364	0.260991305588493	0.140659006871342	0.518160944285908	0.620318372486499	0.786038689707475	0.852523132156104
SNP55	1	55	C	A	400	0.5975	322	1.15046315338751	200	0.6	200	0.595	0.00288461184955831	0.142861130685218	-0.313452852341286	0.281382371304174	0.983890433582444	0.265290025840625	0.537582142599183
SNP56	1	56	C	A	400	0.76875	185	1.01109728837585	200	0.755	200	0.7825	0.20891917173562	0.176113871785016	0.231871872805593	0.351945809061799	0.235514414419524	0.510006007165459	0.398260295118582
SNP57	1	57	T	A	400	0.7725	182	1.17787979675709	200	0.7475	200	0.7975	0.129868866123622	0.170210951645237	-0.462088871601404	0.325239882226778	0.445470718719513	0.155385598248209	0.272433907533206
SNP58	1	58	T	A	400	0.6625	270	0.917738090859574	200	0.6825	200	0.6425	0.13747445259996	0.164162691662524	0.222505826582923	0.32738412993621	0.402351970646095	0.496727644773983	0.559001386421428
SNP59	1	59	G	A	400	0.69375	245	1.06720192649301	200	0.695	200	0.6925	-0.261204136649176	0.157779146029173	-0.324454601037878	0.310635683525166	0.0978221396387092	0.29626062514418	0.147220541632712
SNP60	1	60	T	A	400	0.9175	66	1.14413686764182	200	0.9175	200	0.9175	0.174778901096591	0.260260645606669	0.155777634204003	0.500747380289359	0.50186810296937	0.755732003201754	0.760422934384719
SNP61	1	61	T	A	400	0.96625	27	1.12119693608993	200	0.9675	200	0.965	0.102464096105497	0.390333108945348	-1.06089369681629	0.777423971120281	0.79293271691022	0.172370332223648	0.380770828722482
SNP62	1	62	C	A	400	0.83	136	1.17018272115441	200	0.805	200	0.855	0.0231741330459142	0.199295634581638	-0.0930210521355295	0.364408970120103	0.907430490000215	0.798518014420786	0.961423011635573
SNP63	1	63	T	A	400	0.9225	62	1.16367498867809	200	0.9075	200	0.9375	0.00407060133985241	0.26568382559003	-0.24991483809003	0.521020186958812	0.987775910362366	0.631466041963688	0.891226797929989
SNP64	1	64	T	A	400	0.99625	3	0.998732716358014	200	0.995	200	0.9975	0.993672951164356	1.21947949632604	-4.05907000014101	2.59034069469009	0.415167526189164	0.117114138327297	0.210193832397128
SNP65	1	65	A	T	400	0.54625	363	1.13036087327964	200	0.5375	200	0.555	0.0435241700102493	0.144332007916676	0.132113054279205	0.279456141450333	0.762990622701344	0.636391132691235	0.854520709289247
SNP66	1	66	C	A	400	0.94625	43	0.994837559321794	200	0.95	200	0.9425	0.497896695106445	0.331599359019016	-0.707371758701609	0.658729001948226	0.133226085961072	0.282892896684026	0.181986628906768
SNP67	1	67	G	A	400	0.8175	146	1.08108232963541	200	0.84	200	0.795	0.0065473225702599	0.189727968247287	-0.330432020862492	0.369117857692286	0.972471265182744	0.370683493847192	0.669461639271962
SNP68	1	68	A	T	400	0.655	276	1.0401044097133	200	0.665	200	0.645	0.0648268776752515	0.153095096615167	-0.115541188013917	0.30557261057361	0.671972884362051	0.705346137205904	0.851175876893665
SNP69	1	69	T	A	400	0.93125	55	1.16337212769569	200	0.9325	200	0.93	-0.17676731098696	0.27686304845951	0.0806760479885959	0.545427276271482	0.523171160352587	0.882411047602823	0.806736767925332
SNP70	1	70	G	A	400	0.8525	118	1.02836742933431	200	0.8375	200	0.8675	-0.0354242276748381	0.206740959312914	0.0679955464480194	0.412631906686661	0.863951745718657	0.869113215278637	0.972138722765505
SNP71	1	71	C	A	400	0.925	60	1.17410643726433	200	0.9225	200	0.9275	-0.252092489271515	0.26945514925573	1.14889231498415	0.518669498422744	0.34949780890083	0.0267548541229757	0.0555250786850104
SNP72	1	72	T	A	400	0.67	264	1.04150017739963	200	0.6875	200	0.6525	-0.0523647121763385	0.15556850184677	-0.00746291909327156	0.310630129336357	0.736416738388466	0.980832589702153	0.944651550061998
SNP73	1	73	T	A	400	0.61125	311	1.12432001564416	200	0.6025	200	0.62	0.158805800576843	0.147886730693226	0.317805879554342	0.286539638349896	0.282897085307902	0.267379869407823	0.303725911124925
SNP74	1	74	G	A	400	0.8525	118	0.988504363946797	200	0.8475	200	0.8575	0.100073617691104	0.21048602639359	-0.241966734845499	0.418581629319194	0.634472911182018	0.563221291830411	0.75570772558129
SNP75	1	75	T	A	400	0.925	60	1.02960102960103	200	0.915	200	0.935	-0.270899291400945	0.276943643097762	-1.24229437364959	0.554100408276943	0.327987880082063	0.0249612255389862	0.0502020178740161
SNP76	1	76	T	A	400	0.7075	234	1.14514185557518	200	0.6975	200	0.7175	-0.0405586685598813	0.160097826807167	0.0566463098643783	0.303917056751982	0.800007973495202	0.852140973054267	0.95174332761639
SNP77	1	77	C	A	400	0.98875	9	0.991099746838653	200	0.99	200	0.9875	-0.161931301097031	0.708243194975777	-0.486097943740637	1.41672660654462	0.819150294193223	0.731513118295495	0.918511289839467
SNP78	1	78	T	A	400	0.5575	354	1.02970811538994	200	0.5875	200	0.5275	0.327004489346872	0.149619325466286	0.252939330253879	0.293813324797748	0.0288465997134607	0.38930167232459	0.0633593068514054
SNP79	1	79	A	G	400	0.5	400	1.08270676691729	200	0.5025	200	0.4975	-0.149072579984922	0.146614756216623	-0.189076087942391	0.284402208868278	0.309265796077412	0.506166053043928	0.47811848007773
SNP80	1	80	C	A	400	0.61	312	1.03579672173287	200	0.6175	200	0.6025	0.011537929542152	0.151207119415569	0.189499517838637	0.298612326333455	0.939176078166559	0.525689032043641	0.815242120048354
SNP81	1	81	T	A	400	0.67375	261	1.00734495341703	200	0.6825	200	0.665	0.165015681629165	0.162967143467245	-0.26723317460498	0.313537390316143	0.311265474688382	0.394038302822191	0.41649901045414
SNP82	1	82	G	A	400	0.78375	173	1.0807965974251	200	0.79	200	0.7775	-0.402472872146622	0.174535597819173	-0.633006185918369	0.345679412762737	0.0211126225715049	0.0670715404512852	0.0130969980307854
SNP83	1	83	C	A	400	0.99375	5	0.99620119481093	200	0.995	200	0.9925	-1.82409396331974	0.974591431081429	-0.0224629789214204	1.95550232229308	0.0612550537559829	0.990834851120842	0.173495664689579
SNP84	1	84	T	A	400	0.945	44	1.08882113894645	200	0.9475	200	0.9425	-0.20133884155999	0.318322096218123	0.339377655610604	0.62297639913889	0.5270599710241	0.585913036184605	0.705806269951648
SNP85	1	85	C	A	400	0.76375	189	1.08132366437704	200	0.775	200	0.7525	-0.0699430465108382	0.172319927437128	0.528141849511526	0.334536973780827	0.684822951965761	0.114399171549043	0.264858446922971
SNP86	1	86	C	A	400	0.75875	193	1.05343126661991	200	0.7575	200	0.76	-0.335655766731784	0.169351804721324	-0.546486085878021	0.3372568001532	0.047478916965325	0.105149456311349	0.0377415907059606
SNP87	1	87	T	A	400	0.97375	21	1.073531680537	200	0.96	200	0.9875	0.933696638409172	0.450358498223164	0.0566565896491045	0.963772620585177	0.0381509025894058	0.95312235098207	0.116383009784725
SNP88	1	88	C	A	400	0.79375	165	1.07881251685645	200	0.8025	200	0.785	0.373406059016351	0.180322050144419	0.0967155477996784	0.351071762157116	0.038380000929285	0.78294245941183	0.112815997350289
SNP89	1	89	T	A	400	0.6725	262	0.992236259083248	200	0.665	200	0.68	-0.0828233171036078	0.159267369726272	0.114126070788202	0.316667111141156	0.603044823904808	0.718549811848074	0.818602050787109
SNP90	1	90	G	A	400	0.95	40	1.16079672866376	200	0.94	200	0.96	0.01575071430829	0.320510084463281	-0.583647468170643	0.647207500064064	0.960805616139882	0.367166613156411	0.665096463718369
SNP91	1	91	T	A	400	0.67375	261	1.06435452929768	200	0.6475	200	0.7	-0.225815045188187	0.155713232487725	-0.319044788031393	0.306625558123157	0.147003264550144	0.298106308968004	0.203343109691475
SNP92	1	92	T	A	400	0.74625	203	1.07191760871099	200	0.74	200	0.7525	0.20631419346449	0.170738200992831	0.0431285853997658	0.327658775342071	0.226906609828285	0.895279705557897	0.477717054567017
SNP93	1	93	C	A	400	0.94375	45	1.03717719611759	200	0.945	200	0.9425	0.357672003954381	0.31561274505863	-0.724322740309966	0.628308471486715	0.257104147076304	0.24898677726457	0.27073045365458
SNP94	1	94	T	A	400	0.97125	23	0.972831048019016	200	0.9725	200	0.97	0.379938458494103	0.451281194202287	-0.00540287378370008	0.900159441063463	0.399837950034162	0.995211022074662	0.701576865794884
SNP95	1	95	C	A	400	0.7425	206	0.98254855536409	200	0.7525	200	0.7325	0.356818280101677	0.171213679820099	-0.346813740727742	0.342508028746204	0.0371554012718073	0.311265056783145	0.0682698295796955
SNP96	1	96	C	A	400	0.87625	99	1.04582845028824	200	0.88	200	0.8725	-0.109160708439341	0.221066024038962	0.115158278380712	0.439716038849047	0.621452846221241	0.79340441725583	0.855380188461955
SNP97	1	97	T	A	400	0.74875	201	1.06577959113017	200	0.7375	200	0.76	-0.0599759982321726	0.167427176915738	0.473191606202291	0.331735756736592	0.720177631258269	0.153749676267543	0.339091338029007
SNP98	1	98	G	A	400	0.87	104	0.985664869512419	200	0.8775	200	0.8625	0.21996458808269	0.221686049283986	0.017609487140777	0.443509291488009	0.321083054606935	0.96832840398061	0.610758850499148
SNP99	1	99	T	A	400	0.9325	54	1.12902651823681	200	0.935	200	0.93	-0.0965440819134048	0.289635495443183	0.218180523284221	0.553058139226524	0.738885503185497	0.693213145280117	0.875142295071378
SNP100	1	100	C	A	400	0.91375	69	1.16228635388308	200	0.935	200	0.8925	0.023368198593278	0.246937284449708	0.0203671203658512	0.508002124955919	0.924607036696701	0.968019310238721	0.994732594830739
